date,referrer,count,uniques
2026-08-17,github.com,1,1
2026-08-17,nagusubra.github.io,1,1
2026-08-19,github.com,1,1
2026-08-19,nagusubra.github.io,1,1
2026-08-20,github.com,2,2
2026-08-20,nagusubra.github.io,1,1
2026-08-21,github.com,2,2
2026-08-21,nagusubra.github.io,2,1
2026-08-22,github.com,2,2
2026-08-22,nagusubra.github.io,2,1
2026-08-23,github.com,2,2
2026-08-23,nagusubra.github.io,2,1
2026-08-24,github.com,2,2
2026-08-24,nagusubra.github.io,2,1
2026-08-25,github.com,2,2
2026-08-25,nagusubra.github.io,2,1
2026-08-26,github.com,2,2
2026-08-26,nagusubra.github.io,2,1
2026-08-27,github.com,2,2
2026-08-27,nagusubra.github.io,2,1
2026-08-29,github.com,2,2
2026-08-29,nagusubra.github.io,2,1
2026-08-30,github.com,2,2
2026-08-30,nagusubra.github.io,2,1
2026-08-31,github.com,1,1
2026-08-31,nagusubra.github.io,1,1
2026-09-01,github.com,1,1
2026-09-01,nagusubra.github.io,1,1
2026-09-02,github.com,1,1
2026-09-02,nagusubra.github.io,1,1
2026-09-03,nagusubra.github.io,1,1
2026-09-04,github.com,1,1
