date,clones,uniques
2026-08-04,0,0
2026-08-05,0,0
2026-08-06,0,0
2026-08-07,0,0
2026-08-08,0,0
2026-08-09,0,0
2026-08-10,0,0
2026-08-11,0,0
2026-08-12,0,0
2026-08-13,0,0
2026-08-14,0,0
2026-08-15,0,0
2026-08-16,9,6
2026-08-17,66,36
2026-08-18,8,6
2026-08-19,16,10
2026-08-20,3,3
2026-08-21,1,1
2026-08-22,15,9
2026-08-23,2,2
2026-08-24,14,7
2026-08-25,0,0
2026-08-26,4,3
2026-08-27,4,4
2026-08-28,0,0
2026-08-29,1,1
2026-08-30,2,2
2026-08-31,0,0
2026-09-01,15,6
2026-09-02,2,2
2026-09-03,1,1
2026-09-04,1,1
