date,path,title,count,uniques
2026-08-17,/nagusubra/nagusubra.github.io,Overview,15,1
2026-08-17,/nagusubra/nagusubra.github.io/actions,/actions,6,1
2026-08-17,/nagusubra/nagusubra.github.io/actions/runs/32052631704,/actions/runs/32052631704,1,1
2026-08-19,/nagusubra/nagusubra.github.io,Overview,20,1
2026-08-19,/nagusubra/nagusubra.github.io/actions,/actions,10,1
2026-08-19,/nagusubra/nagusubra.github.io/actions/runs/32052631704,/actions/runs/32052631704,1,1
2026-08-20,/nagusubra/nagusubra.github.io,Overview,20,1
2026-08-20,/nagusubra/nagusubra.github.io/actions,/actions,10,1
2026-08-20,/nagusubra/nagusubra.github.io/actions/runs/32052631704,/actions/runs/32052631704,1,1
2026-08-21,/nagusubra/nagusubra.github.io,Overview,21,1
2026-08-21,/nagusubra/nagusubra.github.io/actions,/actions,10,1
2026-08-21,/nagusubra/nagusubra.github.io/actions/runs/32052631704,/actions/runs/32052631704,1,1
