date,path,title,count,uniques
2026-08-15,/nagusubra/timeseries-qc,Overview,39,9
2026-08-15,/nagusubra/timeseries-qc/actions/runs/30730818435,/actions/runs/30730818435,2,2
2026-08-15,/nagusubra/timeseries-qc/issues,/issues,3,2
2026-08-15,/nagusubra/timeseries-qc/pull/49,/pull/49,4,2
2026-08-15,/nagusubra/timeseries-qc/pull/51,/pull/51,3,2
2026-08-15,/nagusubra/timeseries-qc/pull/59,/pull/59,4,1
2026-08-15,/nagusubra/timeseries-qc/pull/60/changes,/pull/60/changes,3,1
2026-08-15,/nagusubra/timeseries-qc/pull/61,/pull/61,3,1
2026-08-15,/nagusubra/timeseries-qc/pulls,/pulls,13,2
2026-08-15,/nagusubra/timeseries-qc/tree/main/docs,/tree/main/docs,3,2
