date,stars,forks,watchers,subscribers,open_issues,contributors,releases
2026-08-16,3,1,3,0,10,4,2
2026-08-17,3,1,3,0,10,4,2
2026-08-18,3,1,3,0,10,4,2
2026-08-19,3,1,3,0,10,4,2
2026-08-20,3,1,3,0,10,4,2
2026-08-21,3,1,3,0,10,4,2
2026-08-22,3,1,3,0,10,4,2
2026-08-23,3,1,3,0,10,4,2
2026-08-24,3,2,3,0,9,4,2
2026-08-25,3,2,3,0,9,4,2
2026-08-26,3,2,3,0,9,4,2
2026-08-27,3,2,3,0,9,4,2
2026-08-28,3,2,3,0,9,4,2
2026-08-29,3,2,3,0,9,4,2
2026-08-30,3,2,3,0,9,4,2
2026-08-31,3,2,3,0,10,4,2
2026-09-01,3,2,3,0,10,4,2
2026-09-02,3,2,3,0,10,4,2
2026-09-03,3,3,3,0,10,4,2
